file,category,width,height,recommended_alt,legacy_source_file
residential-pak-joko.webp,Hunian,888,400,Interior hunian hasil pengerjaan Metom,pak-joko-3-jpg-5514de6fbfa0.jpg
residential-ust-imron.webp,Hunian,600,400,Detail interior hunian hasil pengerjaan Metom,ust-imron-2-jpg-40ebb55f4ec6.jpg
custom-furniture-bu-endang.webp,Custom Furniture,600,400,Built-in furniture hasil pengerjaan Metom,bu-endang-2-jpg-9f34cf05614c.jpg
kitchen-mas-syaiful.webp,Kitchen Set,600,400,Kitchen set hasil pengerjaan Metom,mas-syaiful-jpg-d311a75100bb.jpg
kitchen-dr-dian.webp,Kitchen Set,600,400,Kitchen set L-shape hasil pengerjaan Metom,dr-dian-4-jpg-bb0e5cea3010.jpg
built-in-dr-dian.webp,Custom Furniture,600,400,Built-in cabinet hasil pengerjaan Metom,dr-dian-3-jpg-3eb76fd75ae8.jpg
wardrobe-pak-adi.webp,Custom Furniture,600,400,Wardrobe built-in hasil pengerjaan Metom,pak-adi-bromo-1-jpg-499abc79aa32.jpg
bookshelf-education.webp,Custom Furniture,600,400,Rak built-in untuk ruang pendidikan,rak-buku-2-jpg-28cfc8edcc03.jpg
vanity-custom.webp,Custom Furniture,600,400,Vanity dan kabinet custom hasil pengerjaan Metom,toilet-wastafel-2-jpg-d289d06f29ea.jpg
lobby-al-izzah.webp,Pendidikan,600,400,Area lobby proyek Metom,lobby-al-izzah-3-jpg-716c8b56c4e8.jpg
lab-iibs-01.webp,Pendidikan,600,400,Interior laboratorium proyek pendidikan,lab-iibs-putri-2-jpg-2b1508acee80.jpg
lab-iibs-02.webp,Pendidikan,600,400,Interior laboratorium proyek pendidikan,lab-iibs-putri-4-jpg-cf527805e021.jpg
education-dining.webp,Pendidikan,600,400,Detail interior ruang pendidikan,ruang-makan-putra-1-jpg-da34f993f2e4.jpg
malang-strudel-retail.webp,Komersial,600,400,Interior retail Malang Strudel,malang-strudel-1-jpg-cb78e0d287b0.jpg
clinic-reception.webp,Komersial,888,400,Area reception proyek komersial Metom,klinik-1-jpg-ffcfe2c5aa0d.jpg
malang-strudel-gallery.webp,Komersial,600,400,Sudut interior retail Malang Strudel,malang-strudel-3-jpg-7df6f6f805ca.jpg
lobby-al-izzah-gallery.webp,Pendidikan,600,400,Sudut lain area lobby proyek Metom,lobby-al-izzah-1-jpg-7bcbaa18398a.jpg
